{
  "analysis": 0.03042286666701936,
  "estimate_noise": 0.6638607333346348,
  "nlm_denoise": 7.040214833332963,
  "white_balance_adaptive": 0.21916436666651862,
  "detect_spots_mask": 0.04373506666646184,
  "inpaint_spots": 0.002719933334446978,
  "suppress_fold_lines": 0.11685993333230726,
  "enhance_contrast_multiscale": 0.12422066666719427,
  "increase_saturation": 0.09579596666784103,
  "adaptive_unsharp_mask": 0.017240066665787406,
  "restore_image": 6.91740406666698,
  "deblur_image": null
}